<?xml version="1.0" encoding="UTF-8"?><?xml-stylesheet type='text/xsl' href='_UpgradeReport_Files/UpgradeReport.xslt'?><UpgradeLog>
<Properties><Property Name="Solution" Value="TicTacToeAddIn">
</Property><Property Name="Solution File" Value="C:\Documents and Settings\Mathias Brandewinder\Desktop\VSTO\TicTacToeAddIn\TicTacToeAddIn.sln">
</Property><Property Name="Date" Value="Friday, November 07, 2008">
</Property><Property Name="Time" Value="19:18:54 PM">
</Property></Properties><Event ErrorLevel="0" Project="SetSecurity" Source="SetSecurity\SetSecurity.csproj" Description="Project converted successfully">
</Event><Event ErrorLevel="3" Project="SetSecurity" Source="SetSecurity\SetSecurity.csproj" Description="Converted">
</Event><Event ErrorLevel="0" Project="SetSecurity" Source="SetSecurity\SetSecurity.csproj" Description="Scan complete: Upgrade not required for project files.">
</Event></UpgradeLog>